,1. open,2. high,3. low,4. close,5. volume
2023-01-27,11.8600,12.0000,11.8400,11.9500,7328107
2023-01-26,11.8300,11.8750,11.6950,11.8300,4518556
2023-01-25,11.6700,11.8200,11.6450,11.7800,7149837
2023-01-24,11.8100,11.9600,11.5825,11.7400,7807992
2023-01-23,11.8900,12.0850,11.8700,12.0000,5696588
2023-01-20,11.8200,11.8900,11.6816,11.8800,6100383
2023-01-19,11.8500,11.8600,11.6700,11.7500,7434335
2023-01-18,12.2000,12.2000,11.8650,11.8800,7154626
2023-01-17,12.2300,12.3100,12.1200,12.1500,7103225
2023-01-13,12.1100,12.1400,12.0100,12.1300,5774999
2023-01-12,12.2300,12.2700,12.1250,12.2000,6052336
2023-01-11,12.1800,12.2050,12.0300,12.1800,5844564
2023-01-10,12.2100,12.2200,12.0100,12.1200,7256303
2023-01-09,12.2800,12.3700,12.1900,12.2000,7064947
2023-01-06,12.0200,12.2050,11.9800,12.2000,5014623
2023-01-05,11.9300,12.0000,11.8500,11.9200,5731781
2023-01-04,12.0100,12.1200,11.8900,12.0300,8235148
2023-01-03,11.9100,11.9800,11.8150,11.9200,9391172
2022-12-30,11.9600,12.0050,11.8300,11.9100,4811355
2022-12-29,11.9800,12.0750,11.9600,12.0200,4817653
2022-12-28,12.1400,12.1800,11.9000,11.9100,4146046
2022-12-27,12.0900,12.1200,12.0250,12.0800,4512671
2022-12-23,11.9700,12.0600,11.9250,12.0600,5087653
2022-12-22,12.0600,12.0800,11.7400,11.9800,6056569
2022-12-21,12.1200,12.1700,12.0300,12.1000,6229151
2022-12-20,12.0300,12.1100,11.9500,12.0500,6165535
2022-12-19,12.1000,12.1500,11.9300,12.0200,5031526
2022-12-16,12.2100,12.2300,11.9350,12.0800,12047096
2022-12-15,12.3400,12.3950,12.1800,12.2600,7225064
2022-12-14,12.5500,12.6900,12.3400,12.4800,8962062
2022-12-13,12.7600,12.7800,12.4550,12.5600,9025423
2022-12-12,12.4000,12.4800,12.3100,12.4800,6570880
2022-12-09,12.3900,12.5600,12.3500,12.3700,10507521
2022-12-08,12.1700,12.4500,12.1700,12.4300,9902489
2022-12-07,12.1500,12.3100,12.1100,12.1300,5975290
2022-12-06,12.2800,12.2800,12.0700,12.1500,6235605
2022-12-05,12.3800,12.3900,12.1900,12.2700,6066436
2022-12-02,12.2500,12.5250,12.2200,12.5000,9330763
2022-12-01,12.4400,12.4700,12.2400,12.3800,6252762
2022-11-30,12.0900,12.3900,11.8850,12.3500,12408453
2022-11-29,12.0000,12.1900,11.9900,12.1100,4940537
2022-11-28,12.0000,12.0200,11.9500,11.9900,9843086
2022-11-25,12.1300,12.1750,12.0600,12.0800,3198631
2022-11-23,11.9700,12.0800,11.9400,12.0800,4901425
2022-11-22,11.9300,12.0100,11.9200,11.9900,6032267
2022-11-21,11.8100,11.9950,11.7500,11.9900,7760392
2022-11-18,11.9400,11.9900,11.7600,11.8200,5920739
2022-11-17,11.5500,11.8000,11.5300,11.7900,7775136
2022-11-16,11.7900,11.8600,11.6700,11.6900,8305958
2022-11-15,11.9500,11.9950,11.6600,11.7700,8096722
2022-11-14,11.6700,12.0000,11.6600,11.7900,8852904
2022-11-11,11.7300,11.7400,11.5150,11.6400,7253491
2022-11-10,11.4100,11.6350,11.3300,11.6200,7916321
2022-11-09,11.1300,11.2000,11.0100,11.0200,6245806
2022-11-08,11.3000,11.3400,11.1150,11.2200,8942183
2022-11-07,11.2100,11.2300,11.0950,11.2200,5968895
2022-11-04,11.0100,11.1700,10.9300,11.1600,8453219
2022-11-03,10.7700,10.9050,10.7100,10.7700,9848612
2022-11-02,11.3000,11.3000,10.8300,10.8400,14447718
2022-11-01,11.6600,11.6900,11.3900,11.5900,10513664
2022-10-31,11.6600,11.6600,11.5200,11.5800,16746933
2022-10-28,11.5900,11.7600,11.5300,11.7500,7393863
2022-10-27,11.5300,11.7100,11.5300,11.5400,6644940
2022-10-26,11.5300,11.6500,11.4200,11.4800,6557046
2022-10-25,11.2200,11.4900,11.1350,11.4700,7176094
2022-10-24,11.3500,11.3600,11.1550,11.3000,7319432
2022-10-21,10.9300,11.3100,10.8750,11.3000,8944006
2022-10-20,11.0600,11.1450,10.8400,10.8900,6445936
2022-10-19,11.1400,11.1800,10.9900,11.0600,5020206
2022-10-18,11.1600,11.2400,11.0700,11.2000,6356615
2022-10-17,11.0400,11.0800,10.9600,10.9900,7252429
2022-10-14,11.1400,11.2200,10.8400,10.8400,7450361
2022-10-13,10.5000,11.1600,10.4200,11.0600,12189136
2022-10-12,10.7700,10.7700,10.5700,10.5900,9806737
2022-10-11,10.8100,10.9200,10.6900,10.7800,5487718
2022-10-10,10.8600,10.9350,10.7950,10.8900,4984792
2022-10-07,10.9500,10.9500,10.7300,10.7800,5112948
2022-10-06,11.0600,11.1500,10.9500,11.0700,8388706
2022-10-05,11.1300,11.2000,11.0300,11.0900,7767751
2022-10-04,11.1100,11.3200,11.0400,11.2800,8022695
2022-10-03,10.8700,11.1150,10.8650,11.0300,10990484
2022-09-30,10.7900,10.9000,10.7200,10.7300,9823618
2022-09-29,10.8000,10.8020,10.6300,10.7500,5596223
2022-09-28,10.7300,10.9500,10.7100,10.9000,6586495
2022-09-27,10.9100,10.9600,10.5600,10.6700,7401616
2022-09-26,10.9800,11.0300,10.6900,10.8000,7375418
2022-09-23,11.0600,11.0600,10.8400,10.9800,7568415
2022-09-22,11.1900,11.2400,11.0750,11.1500,5558727
2022-09-21,11.5300,11.5600,11.2200,11.2200,6664194
2022-09-20,11.5900,11.6300,11.3200,11.4400,5382058
2022-09-19,11.6000,11.7700,11.5500,11.7600,6490918
2022-09-16,11.6800,11.6900,11.5100,11.6600,11978151
2022-09-15,11.7700,11.9300,11.7300,11.7900,6412319
2022-09-14,11.9400,11.9600,11.6650,11.7400,4960140
2022-09-13,12.1600,12.1800,11.9000,11.9400,5242758
2022-09-12,12.3500,12.4675,12.3300,12.3700,8663570
2022-09-09,12.2500,12.3100,12.1000,12.2900,8796425
2022-09-08,11.9600,12.1900,11.9200,12.1800,6813125
2022-09-07,11.7800,12.1000,11.7700,12.1000,8538474
2022-09-06,12.0200,12.0250,11.7600,11.8500,9620526
2022-09-02,12.1700,12.2750,11.9900,12.0200,8082259
2022-09-01,11.9600,12.0400,11.8450,12.0000,6935216
2022-08-31,12.2500,12.2500,11.9600,12.0100,10545674
2022-08-30,12.2900,12.3400,12.1300,12.1800,5937515
2022-08-29,12.3650,12.3700,12.2200,12.2600,8592765
2022-08-26,12.9200,12.9600,12.4100,12.4200,14397821
2022-08-25,12.7500,12.9800,12.6800,12.9200,12687652
2022-08-24,12.6300,12.7100,12.5000,12.6700,9409497
2022-08-23,12.5800,12.7150,12.4900,12.5800,7704680
2022-08-22,12.3500,12.6100,12.2650,12.4800,11169394
2022-08-19,12.6800,12.6800,12.4100,12.4800,9180744
2022-08-18,12.7200,12.8650,12.3575,12.7200,11042780
2022-08-17,13.1900,13.1900,12.9500,13.0100,8882431
2022-08-16,12.9800,13.3700,12.9600,13.2900,12308662
2022-08-15,12.7100,13.0700,12.7000,13.0300,12175841
2022-08-12,12.6900,12.8300,12.6800,12.8100,5061536
2022-08-11,12.7800,12.8100,12.6050,12.6300,6467372
2022-08-10,12.5900,12.8000,12.5700,12.7100,6376846
2022-08-09,12.4100,12.4800,12.3150,12.4000,8081604
2022-08-08,12.3900,12.4300,12.3000,12.3900,5410655
2022-08-05,12.4500,12.4800,12.1600,12.2700,6968928
2022-08-04,12.7000,12.8050,12.5800,12.5900,7925656
2022-08-03,12.8200,12.8200,12.5900,12.7200,6462542
2022-08-02,12.9900,13.1000,12.7000,12.7500,7324038
2022-08-01,12.9300,13.2200,12.9000,13.0400,7973105
2022-07-29,13.0600,13.0600,12.8800,12.9500,33154917
2022-07-28,12.9600,13.0500,12.7000,13.0400,10172115
2022-07-27,12.8900,12.9600,12.6000,12.8800,9530400
2022-07-26,12.7300,12.9100,12.6400,12.9000,8552267
2022-07-25,12.6000,12.7500,12.5611,12.7400,5567133
2022-07-22,12.6800,12.7500,12.5700,12.6000,7127735
2022-07-21,12.3800,12.6500,12.3800,12.6400,8753984
2022-07-20,12.5800,12.5850,12.3200,12.4800,12355693
2022-07-19,12.5400,12.6850,12.5300,12.6300,6268435
2022-07-18,12.5500,12.5600,12.2550,12.3300,5659597
2022-07-15,12.5800,12.5900,12.3700,12.4800,6667207
2022-07-14,12.1500,12.4000,12.1200,12.3900,8997857
2022-07-13,12.2400,12.4300,12.2300,12.3800,6523673
2022-07-12,12.5400,12.6200,12.4200,12.4600,9440988
2022-07-11,12.2500,12.7400,12.2200,12.6000,9815237
2022-07-08,12.6800,12.7000,12.4000,12.4400,6676408
2022-07-07,12.7000,12.7800,12.5750,12.6600,7995809
2022-07-06,12.4700,12.6600,12.3200,12.6500,11505678
2022-07-05,12.3500,12.4400,12.1050,12.4400,7284270
2022-07-01,12.3600,12.5500,12.1650,12.5300,9955632
2022-06-30,12.4000,12.5500,12.3150,12.4300,8977562
2022-06-29,12.4700,12.6300,12.3400,12.5500,10591532
2022-06-28,12.4200,12.5350,12.2800,12.3300,8955300
2022-06-27,12.3800,12.4800,12.3200,12.3700,13851348
2022-06-24,12.0400,12.4200,11.9900,12.4100,12990312
2022-06-23,11.8600,11.9500,11.7450,11.9400,9544031
2022-06-22,11.7900,12.0050,11.7400,11.8600,7577618
2022-06-21,11.8400,11.9600,11.7850,11.9200,8873445
2022-06-17,11.7100,11.8150,11.5850,11.7200,16924812
2022-06-16,11.8600,11.9500,11.6250,11.7100,10772205
2022-06-15,12.2200,12.2350,11.8100,12.1000,12427269
2022-06-14,12.3000,12.3800,12.0000,12.0900,12299512
2022-06-13,12.5300,12.5700,12.2500,12.2900,9367205
2022-06-10,12.9300,12.9600,12.6423,12.7600,8489286
2022-06-09,13.3000,13.3550,13.1400,13.1700,9944107
2022-06-08,13.3200,13.4050,13.2900,13.3500,5865632
2022-06-07,13.4000,13.5100,13.2400,13.4800,9731009
2022-06-06,13.4500,13.6050,13.3750,13.4900,5215743
2022-06-03,13.3500,13.5000,13.3200,13.3900,7248249
2022-06-02,13.2800,13.4600,13.1450,13.4500,6687568
2022-06-01,13.0500,13.3100,13.0250,13.1900,11507048
2022-05-31,13.1700,13.2600,13.0050,13.1000,35769085
2022-05-27,13.1900,13.3100,13.1200,13.3100,8531515
2022-05-26,13.0600,13.2400,13.0400,13.1000,10078988
2022-05-25,12.9400,13.0400,12.8300,12.9700,10125928
2022-05-24,12.8900,12.9800,12.6850,12.9600,10182632
2022-05-23,13.0800,13.2400,12.9550,13.0500,12764421
2022-05-20,13.0800,13.1200,12.6800,12.9300,16514098
2022-05-19,12.6200,13.0700,12.6100,12.9600,14060801
2022-05-18,13.2100,13.2100,12.6700,12.7300,12942097
2022-05-17,13.1600,13.3700,13.0350,13.3300,13540777
2022-05-16,12.7100,13.0100,12.7000,12.9400,11587773
2022-05-13,12.6700,12.8700,12.6100,12.7700,12762649
2022-05-12,12.5000,12.6600,12.4200,12.5700,13227618
2022-05-11,12.4800,12.7958,12.4350,12.5100,19237233
2022-05-10,12.7300,12.7750,12.4000,12.5600,15696521
2022-05-09,12.6900,12.8050,12.5800,12.6100,17452908
2022-05-06,12.6300,12.9200,12.4900,12.8100,16675451
2022-05-05,12.8800,12.8800,12.5000,12.6400,22552471
2022-05-04,12.6700,13.1750,12.3700,13.1200,28907258
2022-05-03,11.7500,12.0550,11.6700,11.9700,11365727
2022-05-02,11.8600,11.9500,11.5200,11.7000,12552385
2022-04-29,12.1850,12.2750,11.8100,11.8600,17666738
2022-04-28,12.0300,12.2000,11.7950,12.1400,14580119
2022-04-27,11.6000,12.0800,11.5700,12.0200,28136303
2022-04-26,11.6200,11.7100,11.4900,11.6100,20103323
2022-04-25,11.5600,11.6600,11.3500,11.6500,8122098
2022-04-22,11.8900,11.8900,11.5700,11.5800,4744135
2022-04-21,12.0800,12.1175,11.9000,11.9300,5609932
2022-04-20,11.8400,12.0600,11.8000,12.0100,6898822
2022-04-19,11.4900,11.7950,11.4900,11.7600,4107493
2022-04-18,11.6200,11.7150,11.5100,11.5300,3211285
2022-04-14,11.7300,11.8000,11.6700,11.6700,3345210
2022-04-13,11.6900,11.7350,11.6000,11.7000,4212039
2022-04-12,11.7500,11.8300,11.5900,11.6600,3042464
2022-04-11,11.7600,11.8700,11.7100,11.7300,4770093
2022-04-08,11.5900,11.7900,11.5100,11.7200,5900929
2022-04-07,11.4800,11.5900,11.3600,11.5300,6043507
2022-04-06,11.3900,11.5400,11.3450,11.5000,6261348
2022-04-05,11.4900,11.6200,11.4250,11.4800,4808943
2022-04-04,11.4600,11.5200,11.3300,11.4800,5653017
2022-04-01,11.4500,11.5400,11.3400,11.5400,7980931
2022-03-31,11.5400,11.5850,11.3200,11.3300,7659097
2022-03-30,11.5700,11.5750,11.4646,11.5300,4792807
2022-03-29,11.4800,11.6100,11.3850,11.5700,7160308
2022-03-28,11.3400,11.3700,11.1750,11.3500,8092881
2022-03-25,11.2400,11.4350,11.2400,11.3400,7160837
2022-03-24,11.2200,11.3000,11.1500,11.2800,4076319
2022-03-23,11.3700,11.4100,11.2050,11.2200,5450009
2022-03-22,11.5300,11.6150,11.4100,11.4500,7917076
2022-03-21,11.7000,11.7400,11.3900,11.4600,6665521
2022-03-18,11.6400,11.6900,11.4250,11.6700,15348259
2022-03-17,11.4200,11.6700,11.3800,11.6100,6971796
2022-03-16,11.2900,11.5100,11.2050,11.4600,7814919
2022-03-15,11.2800,11.3200,11.1300,11.2400,7059685
2022-03-14,11.0500,11.5400,11.0200,11.2900,11006684
2022-03-11,10.9700,11.0400,10.8800,10.9000,8134673
2022-03-10,10.9200,11.0400,10.7400,10.9000,8637230
2022-03-09,11.1600,11.2000,11.0200,11.0900,6575782
2022-03-08,10.8300,11.2400,10.6636,10.9400,14020985
2022-03-07,11.1700,11.2000,10.7900,10.7900,11140084
2022-03-04,11.2000,11.3100,11.1000,11.2900,5951220
2022-03-03,11.4600,11.5250,11.3000,11.3500,11064950
2022-03-02,11.2600,11.4800,11.2400,11.4200,6906751
2022-03-01,11.5700,11.6700,11.2000,11.2600,9725169
2022-02-28,11.5400,11.7000,11.4700,11.6300,10479096
2022-02-25,11.4900,11.8400,11.4500,11.8000,9811692
2022-02-24,11.4100,11.5400,11.2000,11.4800,12309266
2022-02-23,11.7700,11.7800,11.6100,11.6300,10136770
2022-02-22,11.8200,11.8400,11.5850,11.7000,9801725
2022-02-18,11.8300,12.0300,11.8000,11.8800,27757751
2022-02-17,11.7500,11.8900,11.7500,11.7900,9923882
2022-02-16,11.8000,11.9150,11.7000,11.7700,6734235
2022-02-15,11.7200,11.8900,11.7200,11.8100,7336631
2022-02-14,11.6200,11.6500,11.4450,11.5700,7220747
2022-02-11,11.6300,11.7500,11.5300,11.5900,8685265
2022-02-10,11.6700,11.8400,11.5300,11.6200,5797862
2022-02-09,11.7200,11.8100,11.7000,11.7800,6808186
2022-02-08,11.4900,11.6950,11.4700,11.6200,7373151
2022-02-07,11.6200,11.6400,11.4700,11.4900,8625744
2022-02-04,11.6500,11.7150,11.4450,11.5600,10123655
2022-02-03,12.0200,12.0700,11.7200,11.7600,9829609
2022-02-02,11.9300,12.2450,11.8900,12.1300,11321505
2022-02-01,12.0200,12.2400,12.0100,12.2000,8633146
2022-01-31,11.7400,12.0550,11.7400,12.0100,16775147
2022-01-28,11.7100,11.9500,11.6000,11.9400,9031555
2022-01-27,11.8800,12.0850,11.6450,11.8000,10134185
2022-01-26,11.8800,12.0000,11.6600,11.7600,6507191
2022-01-25,11.7800,11.8900,11.5100,11.7900,8321337
2022-01-24,11.8000,11.9700,11.6700,11.9200,10267249
2022-01-21,12.1300,12.1600,11.9000,11.9500,7002158
2022-01-20,12.4500,12.4700,12.1100,12.1300,5708125
2022-01-19,12.3600,12.4998,12.2600,12.4100,5633940
2022-01-18,12.3500,12.3800,12.1600,12.2800,6154776
2022-01-14,12.2100,12.3900,12.1400,12.3700,8357787
2022-01-13,12.1700,12.2800,12.1650,12.2800,5973279
2022-01-12,12.1500,12.1700,12.0600,12.1400,5942944
2022-01-11,12.1100,12.1600,12.0800,12.1100,4875649
2022-01-10,12.1800,12.2000,12.0200,12.1500,5232704
2022-01-07,11.9900,12.1850,11.9300,12.1200,4692307
2022-01-06,12.1900,12.2100,11.9700,11.9900,5260259
2022-01-05,12.1600,12.3300,12.0900,12.0900,6762914
2022-01-04,11.9400,12.2200,11.9100,12.0700,6215494
2022-01-03,12.0200,12.0350,11.8000,11.8800,3966360
2021-12-31,11.9200,12.0500,11.9200,12.0100,2859747
2021-12-30,12.0000,12.0600,11.9200,11.9600,2423725
2021-12-29,11.8700,12.0000,11.8700,11.9500,3461484
2021-12-28,11.8500,11.8900,11.8150,11.8600,3256467
2021-12-27,11.7300,11.8200,11.6550,11.8100,4951799
2021-12-23,11.6200,11.7400,11.6200,11.6600,7257244
2021-12-22,11.6700,11.7800,11.5900,11.6100,5033127
2021-12-21,11.7100,11.8200,11.6500,11.7400,5832057
2021-12-20,11.6300,11.7000,11.4300,11.6000,6232434
2021-12-17,12.0700,12.0900,11.7700,11.7900,12987481
2021-12-16,12.0100,12.1150,11.9900,12.0400,6089968
2021-12-15,11.9900,12.0200,11.7400,11.9500,5963636
2021-12-14,11.7100,11.8600,11.6450,11.6700,6739174
2021-12-13,11.5600,11.7100,11.5450,11.6700,7286966
2021-12-10,11.6300,11.6700,11.5300,11.6000,3790674
2021-12-09,11.5700,11.6300,11.4750,11.5600,12195777
2021-12-08,11.6100,11.6900,11.5200,11.6200,8135574
2021-12-07,11.6400,11.7000,11.5700,11.5900,6184632
2021-12-06,11.4800,11.6500,11.4450,11.5700,6845344
2021-12-03,11.3900,11.5700,11.2500,11.3100,9020247
2021-12-02,11.3100,11.5800,11.3100,11.4800,7256318
2021-12-01,11.5300,11.6800,11.2500,11.2600,10479432
2021-11-30,11.5300,11.5600,11.3000,11.3200,11076557
2021-11-29,11.6900,11.7050,11.5700,11.5800,7863375
2021-11-26,11.3800,11.6300,11.3800,11.5400,5979075
2021-11-24,11.7000,11.7300,11.6350,11.6600,4158412
2021-11-23,11.8500,11.9400,11.7200,11.7700,6208897
2021-11-22,11.9300,12.0300,11.9200,11.9600,5709394
2021-11-19,12.0400,12.1250,11.8900,11.9000,4468861
2021-11-18,12.1400,12.2100,11.9300,12.0200,5062037
2021-11-17,12.2500,12.3000,11.9750,12.1500,7583262
2021-11-16,12.3700,12.4850,12.2800,12.3100,6968304
2021-11-15,12.3800,12.4500,12.3300,12.3900,2869090
2021-11-12,12.3600,12.4450,12.3250,12.3800,4169997
2021-11-11,12.3400,12.3700,12.2600,12.3600,2828662
2021-11-10,12.3800,12.4550,12.2700,12.3400,5592618
2021-11-09,12.1800,12.3600,12.1601,12.3100,4321966
2021-11-08,12.0900,12.2100,12.0100,12.2000,4669054
2021-11-05,12.2300,12.2600,12.0500,12.1400,5877899
2021-11-04,12.3000,12.3800,12.1300,12.1600,4626412
2021-11-03,12.2300,12.4900,12.1100,12.3000,9637206
2021-11-02,12.0000,12.1500,11.9150,12.0800,8476136
2021-11-01,12.1300,12.2200,11.9150,11.9400,7543350
2021-10-29,12.1500,12.1900,12.0200,12.0700,10782558
2021-10-28,12.0400,12.1700,12.0050,12.1500,5199007
2021-10-27,12.0900,12.1250,11.9500,12.0300,6697704
2021-10-26,12.0700,12.1150,11.9700,12.0100,6732878
2021-10-25,12.1700,12.2200,12.0600,12.0800,4412566
2021-10-22,12.0700,12.2250,12.0500,12.1600,2672842
2021-10-21,12.0500,12.0750,11.9200,12.0300,4371081
2021-10-20,11.9800,12.1100,11.9800,12.0400,6252918
2021-10-19,11.9500,12.0300,11.8650,12.0200,3292464
2021-10-18,11.8600,11.9600,11.8050,11.9100,3104561
2021-10-15,11.9700,12.0950,11.8700,11.9500,5247891
2021-10-14,11.7400,11.9500,11.6950,11.9100,3800200
2021-10-13,11.6900,11.7000,11.5050,11.6700,3600033
2021-10-12,11.6100,11.7000,11.5650,11.6400,3480178
2021-10-11,11.7200,11.8150,11.6100,11.6200,2538976
2021-10-08,11.7800,11.8350,11.6900,11.7100,4120669
2021-10-07,11.8100,11.9500,11.7800,11.8400,3293089
2021-10-06,11.6700,11.7600,11.5400,11.7500,6290323
2021-10-05,11.6900,11.8490,11.5950,11.8000,4304174
2021-10-04,11.6400,11.7700,11.5650,11.6300,5208657
2021-10-01,11.7100,11.7900,11.4850,11.6900,5347096
2021-09-30,11.7900,11.8071,11.5700,11.5900,5867720
2021-09-29,11.7200,11.8100,11.7100,11.7300,2644264
2021-09-28,11.8900,11.9100,11.6500,11.7000,5528798
2021-09-27,11.7600,11.9400,11.7200,11.8700,4333355
2021-09-24,11.7700,11.8850,11.7400,11.7900,3990738
2021-09-23,11.7400,11.9200,11.7400,11.8200,3455787
2021-09-22,11.8000,11.8400,11.7200,11.7400,3732607
2021-09-21,11.8300,11.8600,11.6750,11.6900,4961872
2021-09-20,11.7500,11.8700,11.6501,11.7800,7146003
2021-09-17,12.1600,12.2500,11.8300,11.8500,9889574
2021-09-16,12.3400,12.3750,12.1300,12.1300,5012281
2021-09-15,12.3500,12.4300,12.2850,12.4000,6096317
2021-09-14,12.3400,12.3750,12.2600,12.3200,5150164
2021-09-13,12.4000,12.4100,12.2350,12.3000,4902428
2021-09-10,12.2200,12.4350,12.2200,12.3000,7148776
2021-09-09,12.3400,12.3750,12.1200,12.1300,7558677
2021-09-08,12.2500,12.4000,12.2200,12.3200,5285805
2021-09-07,12.3000,12.4300,12.2100,12.2200,5529091
2021-09-03,12.7700,12.8000,12.6550,12.6800,4625130
2021-09-02,12.7200,12.7600,12.6000,12.7500,4675289
2021-09-01,12.8000,12.8500,12.6400,12.6900,6419700
2021-08-31,12.8100,12.8700,12.7409,12.8500,7398740
2021-08-30,12.8100,12.8300,12.7300,12.7900,5282255
2021-08-27,12.7000,12.8100,12.6900,12.7800,3957585
2021-08-26,12.7900,12.8500,12.6100,12.6500,8815552
2021-08-25,12.6500,12.9200,12.5650,12.8000,10676591
2021-08-24,12.6000,12.6300,12.4450,12.6200,8023724
2021-08-23,12.7700,12.7900,12.5000,12.6800,10778683
2021-08-20,12.4500,12.8600,12.2500,12.7900,11016596
2021-08-19,12.1400,12.4400,12.0500,12.4000,6516269
2021-08-18,11.9100,12.2970,11.9100,12.1400,8812677
2021-08-17,12.1800,12.1900,12.0200,12.1000,5159343
2021-08-16,12.1500,12.2700,12.0400,12.2200,5735356
2021-08-13,12.0500,12.1600,12.0100,12.1500,2305934
2021-08-12,12.1000,12.1300,11.9700,12.0500,3619410
2021-08-11,12.0000,12.1800,11.9499,12.1800,4144050
2021-08-10,11.7700,12.0200,11.7700,11.9500,4293815
2021-08-09,11.7000,11.8250,11.6700,11.8200,4945334
2021-08-06,11.7300,11.8150,11.6850,11.7300,3187743
2021-08-05,11.6800,11.7700,11.6700,11.6800,4898374
2021-08-04,11.6100,11.6900,11.5250,11.6000,3292275
2021-08-03,11.5600,11.6900,11.4400,11.6700,4341797
2021-08-02,11.6000,11.7300,11.5100,11.5200,4303906
2021-07-30,11.6300,11.6900,11.5300,11.5600,10372864
2021-07-29,11.6800,11.6800,11.5800,11.6400,3949932
2021-07-28,11.5900,11.6500,11.5000,11.5800,5408901
2021-07-27,11.4900,11.5800,11.3000,11.5300,4571747
2021-07-26,11.3600,11.4950,11.3400,11.4900,6278090
2021-07-23,11.4300,11.4300,11.1700,11.3000,7156038
2021-07-22,11.4200,11.4600,11.2600,11.3700,10073523
2021-07-21,11.3500,11.3700,11.2450,11.3600,11186110
2021-07-20,11.2800,11.4600,11.2100,11.2600,10967380
2021-07-19,11.3400,11.3900,11.1500,11.2500,6360987
2021-07-16,11.5900,11.5900,11.4100,11.4400,3843592
2021-07-15,11.5600,11.6700,11.5000,11.5700,4098778
2021-07-14,11.6000,11.6500,11.4700,11.5400,4644031
2021-07-13,11.5500,11.6600,11.5250,11.5600,7180150
2021-07-12,11.4000,11.5500,11.3400,11.5100,3874780
2021-07-09,11.5100,11.5300,11.4050,11.5100,3992962
2021-07-08,11.4500,11.5050,11.3600,11.3900,4573102
2021-07-07,11.4000,11.6200,11.3850,11.5500,5723346
2021-07-06,11.5000,11.5400,11.2550,11.4400,4881507
2021-07-02,11.5300,11.5500,11.4100,11.5400,3846936
2021-07-01,11.5800,11.6400,11.5050,11.5600,5376603
2021-06-30,11.4100,11.5150,11.3300,11.4600,6373486
2021-06-29,11.5300,11.6000,11.4400,11.4600,4248097
2021-06-28,11.6500,11.6800,11.4800,11.5500,4043678
2021-06-25,11.6000,11.6900,11.5300,11.6100,11200070
2021-06-24,11.5300,11.5600,11.4000,11.5200,3269662
2021-06-23,11.6100,11.6400,11.4800,11.4900,5920926
2021-06-22,11.5000,11.6150,11.4300,11.5400,3686451
2021-06-21,11.4700,11.5900,11.4400,11.4700,5340993
2021-06-18,11.5000,11.5300,11.2800,11.3600,12988795
2021-06-17,11.8000,11.8500,11.4500,11.5400,4698757
2021-06-16,12.0500,12.0737,11.8100,11.8200,4228784
2021-06-15,12.0900,12.1200,11.9400,12.0100,6809640
2021-06-14,12.2500,12.2900,12.1100,12.1500,4151430
2021-06-11,12.1300,12.2500,12.0700,12.2400,4513452
2021-06-10,12.1050,12.1800,11.9950,12.0700,4352694
2021-06-09,12.0800,12.1650,11.9800,12.0700,7003737
2021-06-08,12.0900,12.1900,12.0150,12.0800,5111790
2021-06-07,12.1500,12.1700,12.0100,12.1000,9468440
2021-06-04,11.9800,12.2800,11.9700,12.1500,9596872
2021-06-03,11.8200,11.9400,11.7700,11.9400,7285892
2021-06-02,11.9400,11.9700,11.8100,11.8600,4880393
2021-06-01,11.9000,11.9500,11.7300,11.8900,5356442
2021-05-28,11.8400,11.8700,11.7200,11.8000,8493048
2021-05-27,11.8000,11.8900,11.7650,11.8800,15849933
2021-05-26,11.6600,11.8000,11.6600,11.7800,7302986
2021-05-25,11.7700,11.8500,11.6900,11.7200,6755189
2021-05-24,12.0600,12.1100,11.9000,11.9400,3735780
2021-05-21,11.9900,12.1150,11.9400,11.9800,4193182
2021-05-20,11.9500,12.0850,11.9450,11.9900,5033522
2021-05-19,12.1300,12.1500,11.9300,12.0100,4886015
2021-05-18,12.2400,12.3400,12.1700,12.1900,4336183
2021-05-17,12.3800,12.4100,12.2400,12.2900,5526159
2021-05-14,12.3800,12.4700,12.3400,12.3700,4264338
2021-05-13,12.1200,12.4600,12.0700,12.3800,7088068
2021-05-12,12.3700,12.4500,12.1300,12.1500,5478148
2021-05-11,12.4500,12.5375,12.3100,12.4000,4750265
2021-05-10,12.5700,12.7600,12.4500,12.4500,6742989
2021-05-07,12.4900,12.5200,12.3100,12.4500,5196016
2021-05-06,12.3300,12.5100,12.2700,12.4900,6166431
2021-05-05,12.1000,12.3100,12.0400,12.2800,8401500
2021-05-04,11.8600,12.5000,11.8600,12.4300,11810803
2021-05-03,11.7500,11.9100,11.7200,11.7900,7715283
2021-04-30,11.8800,11.8800,11.6600,11.7500,13108652
2021-04-29,11.8100,11.9100,11.7300,11.8900,4871916
2021-04-28,11.7200,11.8450,11.6800,11.6900,3797537
2021-04-27,11.6800,11.7000,11.5900,11.6700,4486142
2021-04-26,11.7900,11.8500,11.7100,11.7400,3989338
2021-04-23,11.6700,11.7900,11.6400,11.7300,5480298
2021-04-22,11.8800,11.9200,11.6400,11.6500,5575097
2021-04-21,11.8500,12.0050,11.8300,11.9400,4227664
2021-04-20,11.8800,11.9200,11.7850,11.8600,4084733
2021-04-19,11.9700,11.9750,11.7550,11.8600,3717529
2021-04-16,11.9900,12.0705,11.8750,11.9500,6645922
2021-04-15,11.8400,11.9400,11.7300,11.8900,3220074
2021-04-14,11.7600,11.8200,11.6600,11.7400,3517864
2021-04-13,11.6700,11.8300,11.6100,11.7800,6517643
2021-04-12,11.7600,11.8300,11.6710,11.7200,3723190
2021-04-09,11.6900,11.7500,11.5800,11.7300,3323904
2021-04-08,11.5500,11.6700,11.5301,11.5700,3641188
2021-04-07,11.9100,11.9100,11.5850,11.6300,5832002
2021-04-06,11.8100,11.9800,11.7750,11.9800,4286215
2021-04-05,11.7400,11.9050,11.6700,11.8900,4263001
2021-04-01,11.6800,11.6800,11.3600,11.6600,6316170
2021-03-31,11.7500,11.7650,11.4800,11.6800,7359106
2021-03-30,11.7300,11.7900,11.6500,11.7400,4775070
2021-03-29,11.6800,11.8800,11.6450,11.8000,6208146
2021-03-26,11.6100,11.7900,11.5400,11.7800,5173000
2021-03-25,11.3500,11.6500,11.2400,11.5800,5450702
2021-03-24,11.3600,11.4700,11.3000,11.3100,6059681
2021-03-23,11.3600,11.5800,11.2800,11.3700,7927231
2021-03-22,11.2500,11.4900,11.1250,11.4100,7657586
2021-03-19,11.2800,11.5100,10.3300,11.3000,36593533
2021-03-18,11.6000,11.6100,11.3400,11.3600,7442167
2021-03-17,11.5300,11.6800,11.4250,11.6400,5512701
2021-03-16,11.7500,11.7700,11.4800,11.5000,7171234
2021-03-15,11.6500,11.7700,11.5900,11.7600,7160686
2021-03-12,11.8100,11.8400,11.7000,11.7700,4124770
2021-03-11,11.8900,11.9100,11.6800,11.7300,6007095
2021-03-10,11.7500,12.0200,11.6400,11.9300,5984599
2021-03-09,11.7600,11.8300,11.6500,11.7500,8763722
2021-03-08,11.6600,11.9800,11.5900,11.7600,6761343
2021-03-05,11.3100,11.6300,11.2100,11.6100,5394874
2021-03-04,11.5000,11.5900,11.1400,11.2700,7405309
2021-03-03,11.4200,11.5400,11.3100,11.4700,5313157
2021-03-02,11.2500,11.5065,11.1900,11.4300,6094928
2021-03-01,11.0900,11.3950,11.0700,11.2900,4695347
2021-02-26,11.2800,11.3400,10.9200,10.9400,7549385
2021-02-25,11.4000,11.4900,11.2600,11.3400,4081316
2021-02-24,11.2900,11.4450,11.2053,11.4100,4478090
2021-02-23,11.3800,11.4600,11.1800,11.3700,5759396
2021-02-22,11.3800,11.4650,11.2750,11.4200,6550698
2021-02-19,11.4200,11.5800,11.3200,11.4200,5913254
2021-02-18,11.3100,11.5500,11.2500,11.4200,7436250
2021-02-17,11.2500,11.3800,11.1400,11.3000,5204160
2021-02-16,11.5000,11.5100,11.2350,11.2500,5397384
2021-02-12,11.2000,11.5100,11.2000,11.5000,4830641
2021-02-11,11.4400,11.4500,11.1900,11.3000,5260820
2021-02-10,11.3700,11.5400,11.3200,11.4300,11573886
2021-02-09,11.3900,11.5500,11.2200,11.2400,5718001
2021-02-08,11.4500,11.5300,11.3150,11.4700,6384051
2021-02-05,11.3000,11.5300,11.2950,11.4700,6154555
2021-02-04,11.1300,11.2500,10.9350,11.1800,5617956
2021-02-03,11.2300,11.3000,10.6600,11.0100,11101476
2021-02-02,10.9700,11.0800,10.8250,10.9300,5320903
2021-02-01,11.0200,11.0791,10.6800,10.8900,7305310
2021-01-29,11.1100,11.1200,10.8800,10.9400,14989443
2021-01-28,11.1800,11.2800,11.0900,11.1800,8100619
2021-01-27,11.0300,11.2800,10.9800,11.0600,8619686
2021-01-26,11.0300,11.2600,10.9600,11.2100,5638021
2021-01-25,11.1000,11.2250,10.8550,10.9700,9073163
2021-01-22,11.1800,11.2300,10.9400,11.0900,7302058
2021-01-21,11.1000,11.3200,11.0700,11.2500,5448324
2021-01-20,10.9900,11.2800,10.9200,11.2300,5634192
2021-01-19,11.1400,11.1600,10.9300,10.9500,5481890
2021-01-15,11.3300,11.3300,11.0500,11.0500,6619465
2021-01-14,11.4400,11.5100,11.3400,11.3900,4375342
2021-01-13,11.5700,11.5800,11.3550,11.4300,5774293
2021-01-12,11.5000,11.6900,11.4200,11.6300,4130042
2021-01-11,11.3600,11.5850,11.3600,11.5400,3775466
2021-01-08,11.6400,11.7100,11.3500,11.5000,3717659
2021-01-07,11.7200,11.7700,11.5800,11.6800,5787882
2021-01-06,11.4800,11.8750,11.4800,11.7800,7457573
2021-01-05,11.3500,11.5500,11.3500,11.4600,7657369
2021-01-04,11.7000,11.7700,11.3500,11.3800,7452333
2020-12-31,11.8100,11.8380,11.6400,11.7700,2822502
2020-12-30,11.6800,11.7750,11.6600,11.7400,2625993
2020-12-29,11.7000,11.7000,11.5300,11.6000,2513066
2020-12-28,11.7100,11.7600,11.5800,11.5900,1824528
2020-12-24,11.6400,11.6600,11.5350,11.6400,957941
2020-12-23,11.5400,11.6600,11.5300,11.5600,2033819
2020-12-22,11.5100,11.6150,11.4900,11.5000,4999318
2020-12-21,11.4100,11.5000,11.1600,11.4700,4696988
2020-12-18,11.5400,11.7000,11.4700,11.6600,14021466
2020-12-17,11.5300,11.5600,11.4000,11.5600,3891115
2020-12-16,11.5100,11.5900,11.3900,11.4000,3246073
2020-12-15,11.4500,11.6300,11.4200,11.5400,4158688
2020-12-14,11.5700,11.6000,11.2700,11.2700,4446962
2020-12-11,11.3900,11.4900,11.3100,11.4400,6307054
2020-12-10,11.5900,11.6500,11.4800,11.5300,6171317
2020-12-09,11.5300,11.6500,11.5100,11.6100,7143940
2020-12-08,11.3000,11.5900,11.3000,11.5400,5468393
2020-12-07,11.4800,11.4850,11.2550,11.3500,5807760
2020-12-04,11.4800,11.6250,11.4700,11.5400,4609172
2020-12-03,11.5000,11.5850,11.4000,11.4400,4071387
2020-12-02,11.4800,11.6050,11.4400,11.4700,4745261
2020-12-01,11.4700,11.6050,11.4300,11.5300,4594400
2020-11-30,11.3800,11.4450,11.2350,11.3300,6321074
2020-11-27,11.5000,11.5800,11.3900,11.4800,2629057
2020-11-25,11.6200,11.6700,11.5300,11.5900,6027508
2020-11-24,11.5300,11.8200,11.4900,11.8000,9952366
2020-11-23,11.8000,11.8000,11.5200,11.5700,6501715
2020-11-20,11.9600,12.0200,11.8750,11.9300,3949850
2020-11-19,11.7900,11.9450,11.7000,11.9200,3830729
2020-11-18,11.9400,12.0000,11.8300,11.8400,4273075
2020-11-17,12.0100,12.0450,11.8400,11.9300,5869172
2020-11-16,12.0000,12.2300,11.8100,12.1500,5714390
2020-11-13,11.5700,11.8375,11.5200,11.7900,4377307
2020-11-12,11.7300,11.8500,11.3700,11.5500,10966636
2020-11-11,11.9300,12.0580,11.7900,11.9300,7208818
2020-11-10,11.8100,11.8750,11.6600,11.8600,9546232
2020-11-09,12.1600,12.4000,11.9300,12.0400,9649317
2020-11-06,11.7200,11.9300,11.3850,11.5200,6756948
2020-11-05,11.2000,11.6200,11.1400,11.5100,5138936
2020-11-04,11.1100,11.2000,10.9300,11.0900,5291113
2020-11-03,10.9800,11.1900,10.9200,11.1400,3322084
2020-11-02,10.6000,10.8900,10.5900,10.8500,6030307
2020-10-30,10.4800,10.5450,10.3100,10.4300,7502014
2020-10-29,10.3600,10.5550,10.3200,10.5000,5135431
2020-10-28,10.3400,10.4650,10.2600,10.3200,6842620
2020-10-27,10.6400,10.6600,10.4750,10.5700,5360579
2020-10-26,10.8200,10.8300,10.5400,10.6300,4178719
2020-10-23,11.0600,11.0600,10.8850,10.9700,3025373
2020-10-22,10.9900,11.0500,10.8650,11.0400,3621208
2020-10-21,11.1900,11.2700,11.0700,11.0800,4102886
2020-10-20,11.2800,11.3700,11.1750,11.1900,5223878
2020-10-19,11.5200,11.5600,11.2700,11.2800,3816519
2020-10-16,11.5200,11.5900,11.4650,11.5000,4263111
2020-10-15,11.2500,11.4750,11.2400,11.4700,3273582
2020-10-14,11.4500,11.4950,11.3550,11.4000,3115111
2020-10-13,11.4100,11.4700,11.2800,11.4100,3576251
2020-10-12,11.4700,11.5000,11.3600,11.4300,6064234
2020-10-09,11.4900,11.5600,11.3600,11.4200,3257733
2020-10-08,11.2100,11.3500,11.1800,11.3400,5689322
2020-10-07,11.1000,11.3800,11.0750,11.2300,7216831
2020-10-06,11.1200,11.2700,10.9900,11.0100,8164463
2020-10-05,11.1400,11.2600,11.0650,11.1300,8284386
2020-10-02,10.8900,11.1800,10.8550,11.0100,7949252
2020-10-01,11.2200,11.2200,10.9350,11.0100,7317518
2020-09-30,10.9700,11.1100,10.9200,11.0500,7177875
2020-09-29,10.8200,10.9800,10.7750,10.8500,5108228
2020-09-28,10.9600,10.9800,10.8800,10.9100,6415373
2020-09-25,10.4900,10.8600,10.4500,10.8200,6898886
2020-09-24,10.5500,10.7300,10.4350,10.5800,4678471
2020-09-23,10.9900,10.9900,10.5650,10.5800,6475023
2020-09-22,10.9700,11.1350,10.9500,11.0400,4370079
2020-09-21,11.0100,11.1400,10.8700,11.0100,8858703
2020-09-18,11.3300,11.3800,11.2100,11.2500,14908236
2020-09-17,11.0800,11.3500,10.9250,11.3200,11903908
2020-09-16,11.2700,11.3350,11.1700,11.1900,8645178
2020-09-15,11.2300,11.3500,11.1800,11.2100,5624950
2020-09-14,11.1100,11.2650,11.0500,11.1500,11268764
2020-09-11,11.1600,11.1725,10.9700,11.0600,5901326
2020-09-10,11.0800,11.3500,11.0550,11.1100,11677503
2020-09-09,10.8800,11.0950,10.8500,11.0100,7026995
2020-09-08,10.8900,10.9700,10.7300,10.7700,9049207
2020-09-04,11.1500,11.2000,10.8650,11.0200,8696609
2020-09-03,11.2700,11.3050,10.9550,11.0800,8274727
2020-09-02,11.0800,11.4300,11.0200,11.4300,12587120
2020-09-01,10.9800,11.2400,10.9500,11.2400,7595314
2020-08-31,11.1900,11.2000,11.0300,11.0600,7593424
2020-08-28,11.0800,11.2600,11.0300,11.2500,3691662
2020-08-27,11.0600,11.1250,11.0200,11.0700,4956177
2020-08-26,10.8500,10.9700,10.7900,10.9500,5527532
2020-08-25,10.9000,10.9050,10.6800,10.8700,5746218
2020-08-24,11.1700,11.1750,10.8600,10.8700,7440571
2020-08-21,11.2300,11.2600,11.0850,11.1100,5455770
2020-08-20,11.1700,11.3000,11.1500,11.2800,5687573
2020-08-19,11.3500,11.5850,11.2200,11.2900,10889129
2020-08-18,11.4000,11.5000,10.9850,11.0800,7580633
2020-08-17,11.2800,11.3800,11.2400,11.3100,3739562
2020-08-14,11.1800,11.2900,11.1150,11.2000,3099473
2020-08-13,11.0900,11.2600,11.0700,11.2000,7298559
2020-08-12,11.1900,11.2300,11.1150,11.1900,3267910
2020-08-11,11.2000,11.2900,11.0300,11.0800,6354851
2020-08-10,10.9100,11.1400,10.8300,11.1000,5518813
2020-08-07,10.7100,10.8500,10.6850,10.8100,5022947
2020-08-06,10.7300,10.8400,10.6500,10.8000,6875122
2020-08-05,10.8000,10.8700,10.6700,10.6900,7340985
2020-08-04,10.4500,10.7500,10.4500,10.7000,6866932
2020-08-03,10.4000,10.5800,10.3200,10.4400,8996347
2020-07-31,10.3200,10.3400,10.0500,10.3000,22997899
2020-07-30,10.4800,10.5200,10.2326,10.3600,7415007
2020-07-29,10.7000,10.7500,10.5350,10.6200,5264718
2020-07-28,10.7700,10.9100,10.6800,10.7100,7292547
2020-07-27,10.7800,10.8250,10.6300,10.8200,8583108
2020-07-24,10.7700,10.7800,10.6000,10.6700,5610155
2020-07-23,10.8800,10.9300,10.6350,10.7400,5722845
2020-07-22,10.8500,10.9450,10.8050,10.9000,7379286
2020-07-21,10.8100,10.9200,10.7900,10.8500,4880595
2020-07-20,10.7600,10.8200,10.7000,10.7300,4791989
2020-07-17,10.8400,10.8400,10.6800,10.7700,4866470
2020-07-16,10.6900,10.8700,10.6700,10.7500,4622132
2020-07-15,10.7600,10.8100,10.6300,10.7000,5112618
2020-07-14,10.4000,10.6400,10.3900,10.6100,5667794
2020-07-13,10.5800,10.6300,10.3800,10.4100,8381909
2020-07-10,10.4300,10.5500,10.3900,10.5100,7626590
2020-07-09,10.4600,10.4700,10.2400,10.3700,9151285
2020-07-08,10.5400,10.5700,10.3100,10.4500,8905039
2020-07-07,10.6200,10.7200,10.5400,10.6200,10153029
2020-07-06,10.7300,10.7800,10.5200,10.7500,10833657
2020-07-02,10.4600,10.6200,10.3900,10.6000,14252894
2020-07-01,10.1900,10.3900,10.0700,10.3300,8282559
2020-06-30,9.9200,10.2200,9.8800,10.2100,9042659
2020-06-29,9.7800,9.9900,9.6800,9.9500,10692738
2020-06-26,10.0100,10.0300,9.6200,9.6700,86363144
2020-06-25,10.0400,10.1400,9.9200,10.0100,11638627
2020-06-24,10.1200,10.1700,9.9200,9.9600,11200031
2020-06-23,10.3300,10.4400,10.2200,10.2400,9898689
2020-06-22,10.2700,10.4400,10.1400,10.2700,9993680
2020-06-19,10.2800,10.3400,10.0300,10.3100,43111650
2020-06-18,10.2100,10.4400,10.2100,10.2800,7617635
2020-06-17,10.3300,10.4200,10.2200,10.2700,8132901
2020-06-16,10.4000,10.5500,10.1100,10.2600,10852850
2020-06-15,9.5700,10.3500,9.5400,10.2000,17303937
2020-06-12,10.0000,10.2100,9.5800,9.8100,17342904
2020-06-11,9.5700,9.6600,9.1400,9.1900,13243712
2020-06-10,9.9800,10.0200,9.7200,9.8200,7877518
2020-06-09,10.3500,10.4000,10.1400,10.2000,8916353
2020-06-08,10.8600,10.8900,10.2900,10.5000,11378268
2020-06-05,10.7700,11.0200,10.7100,10.8800,7674020
2020-06-04,10.4500,10.6300,10.4000,10.5300,5044657
2020-06-03,10.4400,10.7800,10.4000,10.5000,7545382
2020-06-02,10.2900,10.4500,10.2700,10.3300,8777552
2020-06-01,10.1500,10.3400,10.0300,10.1800,6712151
2020-05-29,9.9300,10.2300,9.8200,10.2100,27393580
2020-05-28,10.0300,10.2000,9.8700,10.0000,4665928
2020-05-27,9.9400,9.9400,9.7200,9.8600,5925205
2020-05-26,9.8100,10.0300,9.8000,10.0000,5227967
2020-05-22,9.4900,9.6000,9.4400,9.6000,4462997
2020-05-21,9.4100,9.5600,9.3900,9.4800,4191013
2020-05-20,9.3900,9.5400,9.3300,9.4500,5555586
2020-05-19,9.5400,9.6100,9.3800,9.4000,4584248
2020-05-18,9.4600,9.7200,9.4500,9.6400,4662729
2020-05-15,9.0600,9.1600,8.9800,9.1000,3739474
2020-05-14,9.0400,9.1000,8.7100,9.0900,5028785
2020-05-13,9.2500,9.4000,8.9700,9.1100,7714747
2020-05-12,9.0000,9.5500,9.0000,9.1100,9652233
2020-05-11,8.7500,8.9300,8.5600,8.8300,5264438
2020-05-08,8.7800,9.0000,8.7400,8.9700,3815513
2020-05-07,8.5300,8.7300,8.5100,8.6100,5306533
2020-05-06,8.4400,8.6800,8.4300,8.4800,3881976
2020-05-05,8.6500,8.8000,8.5700,8.5800,4130325
2020-05-04,8.6300,8.7300,8.5700,8.6900,6556816
2020-05-01,8.8800,8.8800,8.5800,8.6800,4097500
2020-04-30,9.0800,9.1500,8.9000,8.9700,9602123
2020-04-29,9.1900,9.3400,9.1500,9.2400,4705574
2020-04-28,8.8800,9.1100,8.8700,9.0200,8397705
2020-04-27,8.4800,8.7800,8.4500,8.6800,4336278
2020-04-24,8.3800,8.4700,8.2900,8.4200,3881120
2020-04-23,8.4000,8.5100,8.2000,8.2100,4100880
2020-04-22,8.3700,8.4200,8.2300,8.3600,3539392
2020-04-21,8.3200,8.4600,8.1800,8.2600,4576486
2020-04-20,8.7400,8.7900,8.5600,8.6400,4062489
2020-04-17,8.6000,8.9000,8.6000,8.7800,5256434
2020-04-16,8.5500,8.6000,8.3100,8.4600,5291101
2020-04-15,8.6600,8.7700,8.6000,8.6500,6360110
2020-04-14,8.9600,9.1100,8.8400,9.0400,4835872
2020-04-13,9.0900,9.1800,8.8400,8.9000,5300808
2020-04-09,8.6500,9.2600,8.6100,9.1600,9347298
2020-04-08,8.2200,8.6700,8.0800,8.5100,8152665
2020-04-07,8.4700,8.5900,8.1200,8.1300,6739705
2020-04-06,8.1700,8.3300,8.0600,8.2200,7592070
2020-04-03,8.0200,8.2300,7.7600,7.8400,8311159
2020-04-02,8.0700,8.4000,8.0300,8.1800,10752365
2020-04-01,7.9600,8.1800,7.8000,7.8600,11719685
2020-03-31,8.1500,8.3200,8.0400,8.1200,8216973
2020-03-30,7.8900,8.3400,7.8800,8.2800,6232079
2020-03-27,7.6800,8.0400,7.3800,7.8000,13334614
2020-03-26,7.7100,8.2100,7.6400,8.1300,12820451
2020-03-25,7.4100,7.9100,7.3300,7.7100,13716893
2020-03-24,7.1000,7.5700,6.9800,7.5200,13247405
2020-03-23,7.1200,7.2000,6.5800,6.6200,13430848
2020-03-20,7.3700,7.9500,7.1000,7.3000,24911464
2020-03-19,6.4300,7.5300,6.3800,7.4300,19159438
2020-03-18,5.9000,6.5000,5.8200,6.3900,12179079
2020-03-17,6.1500,6.2300,5.8500,6.2300,16162688
2020-03-16,6.1100,6.4300,5.8000,5.9500,22065657
2020-03-13,7.0400,7.3000,6.3200,6.8200,31337650
2020-03-12,6.9200,7.1000,6.5500,6.7000,30060299
2020-03-11,8.2300,8.3900,7.9400,7.9900,17659813
2020-03-10,8.9900,9.0400,8.4900,8.9700,18746359
2020-03-09,8.9000,9.1900,8.6100,8.8800,19570415
2020-03-06,9.3100,9.3900,9.1000,9.3200,10808659
2020-03-05,9.5100,9.6800,9.3400,9.3900,8225089
2020-03-04,9.7100,9.7900,9.4200,9.7700,8590519
2020-03-03,9.5900,9.8300,9.4400,9.5900,11562118
2020-03-02,9.6800,9.8000,9.3800,9.7900,10196472
2020-02-28,9.2700,9.4300,9.1300,9.3200,16467194
2020-02-27,9.7200,9.7300,9.3600,9.4600,15332900
2020-02-26,9.7400,9.8900,9.7000,9.7600,13578996
2020-02-25,9.9600,9.9700,9.6400,9.6700,11195732
2020-02-24,10.1100,10.1300,9.9000,9.9300,7056298
2020-02-21,10.2100,10.2600,10.0600,10.2400,4534352
2020-02-20,10.2100,10.3600,10.2000,10.2700,5240256
2020-02-19,10.2300,10.3800,10.1700,10.1800,6412403
2020-02-18,10.2400,10.2600,10.1300,10.2100,4424330
2020-02-14,10.0900,10.3500,10.0700,10.2100,5678747
2020-02-13,10.3300,10.3500,10.1400,10.1600,5677824
2020-02-12,10.7600,10.8300,10.3400,10.4700,8363202
2020-02-11,10.8500,11.0400,10.8300,10.9700,5557185
2020-02-10,10.7800,10.9400,10.6600,10.8100,5903309
2020-02-07,10.9100,10.9500,10.8000,10.8200,5040966
2020-02-06,11.0500,11.0500,10.9500,11.0100,8581398
2020-02-05,10.9400,11.0990,10.8900,11.0200,11780409
2020-02-04,10.8000,10.9400,10.7600,10.8700,8144317
2020-02-03,10.5900,10.7700,10.4100,10.6800,12881308
2020-01-31,10.6500,10.6800,10.4300,10.5900,49978608
2020-01-30,10.7400,10.8350,10.6500,10.8300,5651861
2020-01-29,10.8900,10.9700,10.8000,10.8500,6260470
2020-01-28,10.8200,11.0300,10.7900,10.8900,8221963
2020-01-27,10.3500,10.9300,10.3500,10.7700,15205024
2020-01-24,10.6900,10.6900,10.4500,10.4900,3739535
2020-01-23,10.6200,10.7600,10.5900,10.7300,4760486
2020-01-22,10.7000,10.7600,10.7000,10.7300,4057789
2020-01-21,10.7500,10.7700,10.5700,10.7000,6903332
2020-01-17,10.8200,10.9100,10.7900,10.9000,6028978
2020-01-16,10.7100,10.8300,10.6700,10.8200,3512185
2020-01-15,10.8200,10.8400,10.6400,10.6700,3977224
2020-01-14,10.6400,10.6700,10.5600,10.6200,5521632
2020-01-13,10.4700,10.7100,10.4700,10.6900,4205647
2020-01-10,10.3800,10.5600,10.3400,10.4500,3526855
2020-01-09,10.4300,10.4400,10.3700,10.4000,3992967
2020-01-08,10.3800,10.5400,10.3400,10.3700,4951461
2020-01-07,10.3600,10.4900,10.3300,10.3300,9093785
2020-01-06,10.4800,10.5200,10.4100,10.4200,8621655
2020-01-03,10.4600,10.6300,10.3100,10.4900,9447340
2020-01-02,10.8800,10.9100,10.6200,10.6300,10029735
2019-12-31,10.8500,10.9200,10.6800,10.8400,3619356
2019-12-30,10.9000,10.9300,10.8200,10.8500,2883590
2019-12-27,10.9000,11.0300,10.8800,10.9500,3580000
2019-12-26,10.8200,10.8800,10.7700,10.8500,2714472
2019-12-24,10.8600,10.9500,10.7400,10.7900,1095477
2019-12-23,10.8100,10.9900,10.8000,10.9100,3355777
2019-12-20,11.1500,11.2000,10.7700,10.7700,17874598
2019-12-19,10.8000,10.8500,10.6900,10.8000,5330258
2019-12-18,10.7500,10.8200,10.7100,10.7700,7941305
2019-12-17,10.6700,10.8200,10.6400,10.8100,7555772
2019-12-16,10.7000,10.8300,10.6400,10.7600,3616812
2019-12-13,10.6300,10.6700,10.5100,10.5600,2694146
2019-12-12,10.5000,10.6900,10.4500,10.6800,4938839
2019-12-11,10.4300,10.5500,10.3800,10.4800,4953711
2019-12-10,10.3600,10.4000,10.2600,10.3500,5174422
2019-12-09,10.3700,10.5000,10.3400,10.4300,4860562
2019-12-06,10.3700,10.5300,10.3600,10.4700,7778719
2019-12-05,10.2500,10.3500,10.2200,10.3300,4817010
2019-12-04,10.0900,10.3000,10.0900,10.1800,6125409
2019-12-03,10.0700,10.1000,9.9000,10.0700,4824002
2019-12-02,10.2700,10.2900,10.1500,10.1700,10406437
2019-11-29,10.3000,10.3700,10.1200,10.2600,2857814
2019-11-27,10.1800,10.3100,10.1000,10.3000,5473646
2019-11-26,10.1600,10.1900,10.0000,10.1500,27542302
2019-11-25,10.0200,10.2300,10.0200,10.1100,5272217
2019-11-22,9.9600,10.1400,9.9600,10.0600,5739378
2019-11-21,9.9000,9.9900,9.8800,9.9000,3833925
2019-11-20,10.0600,10.0700,9.7800,9.8300,10258177
2019-11-19,10.0600,10.2000,10.0100,10.1400,8109843
2019-11-18,9.9800,10.0700,9.8400,10.0200,5728909
2019-11-15,10.0300,10.0500,9.9500,10.0200,5488478
2019-11-14,9.9000,9.9900,9.8400,9.9500,4101784
2019-11-13,9.8100,9.8900,9.7700,9.8600,3511744
2019-11-12,9.7900,9.8400,9.7400,9.8300,4571162
2019-11-11,9.7800,9.9200,9.6900,9.8100,5427005
2019-11-08,9.9800,10.0600,9.7200,9.7700,8297917
2019-11-07,9.9300,9.9700,9.7700,9.7800,8838832
2019-11-06,9.8900,10.1000,9.8300,9.9700,9064705
2019-11-05,9.8600,10.0700,9.8200,10.0000,7379965
2019-11-04,9.7300,9.9400,9.7100,9.8900,6030399
2019-11-01,9.6000,9.7300,9.5700,9.7300,5352095
2019-10-31,9.5700,9.6600,9.4700,9.5200,35563101
2019-10-30,9.4200,9.6100,9.4200,9.5600,5684525
2019-10-29,9.5300,9.5900,9.4100,9.4800,5301789
2019-10-28,9.6800,9.7000,9.5600,9.5800,5769426
2019-10-25,9.5200,9.7700,9.5200,9.7200,6504494
2019-10-24,9.6700,9.6700,9.3500,9.4700,4829465
2019-10-23,9.7200,9.7700,9.6300,9.7100,5415313
2019-10-22,9.6400,9.7900,9.6400,9.6600,6447559
2019-10-21,9.6700,9.7700,9.6200,9.6800,4633612
2019-10-18,9.5300,9.7200,9.5300,9.5900,5513065
2019-10-17,9.4600,9.6600,9.4600,9.5900,4803682
2019-10-16,9.5600,9.6000,9.3700,9.3900,6587155
2019-10-15,9.6000,9.6100,9.4900,9.5900,5683943
2019-10-14,9.4900,9.6700,9.4900,9.5900,4507160
2019-10-11,9.4200,9.7200,9.4200,9.6000,5551835
2019-10-10,9.3200,9.4300,9.2900,9.3200,3307511
2019-10-09,9.2800,9.3900,9.2100,9.3200,4385618
2019-10-08,9.2700,9.3100,9.1800,9.2300,5356259
2019-10-07,9.4400,9.5100,9.3800,9.3900,6178227
2019-10-04,9.5500,9.5600,9.4400,9.4900,6760068
2019-10-03,9.3600,9.5600,9.2100,9.5500,6150913
2019-10-02,9.4700,9.5100,9.3300,9.4200,6013907
2019-10-01,9.7500,9.8300,9.5100,9.5500,4468248
2019-09-30,9.6900,9.8700,9.6400,9.7500,6016611
2019-09-27,9.6600,9.7500,9.6200,9.7300,4738120
2019-09-26,9.6900,9.7100,9.5400,9.6100,3572570
2019-09-25,9.6400,9.7200,9.6000,9.6500,2931800
2019-09-24,9.7000,9.7300,9.5800,9.6000,4375166
2019-09-23,9.5600,9.7300,9.5500,9.6500,4666333
2019-09-20,9.7400,9.7700,9.6200,9.6600,14366655
2019-09-19,9.8100,9.9500,9.7400,9.7900,4722671
2019-09-18,9.8000,9.9000,9.7100,9.8200,3945746
2019-09-17,9.7000,9.7600,9.6400,9.7600,4649019
2019-09-16,10.0200,10.1000,9.6300,9.6700,5847017
2019-09-13,10.1400,10.3900,10.1100,10.2200,7566295
2019-09-12,10.0500,10.1200,9.9100,10.1000,6843663
2019-09-11,9.9600,10.1500,9.9500,10.1400,5563828
2019-09-10,9.6700,10.1100,9.6100,10.0600,8869181
2019-09-09,9.8600,9.8600,9.7200,9.8100,5670146
2019-09-06,9.7700,9.8800,9.7700,9.8700,4116645
2019-09-05,9.8300,9.9200,9.7300,9.7700,4043084
2019-09-04,9.7500,9.7900,9.6400,9.7100,3760547
2019-09-03,9.8400,9.8500,9.6500,9.7100,3920586
2019-08-30,9.8100,9.8800,9.7400,9.8200,3963166
2019-08-29,9.7200,9.8200,9.6500,9.7400,3479390
2019-08-28,9.7400,9.8300,9.6000,9.7100,4443809
2019-08-27,9.7500,9.9100,9.6600,9.7800,8439977
2019-08-26,9.5100,9.7200,9.4700,9.7200,3921716
2019-08-23,9.5500,9.7200,9.3900,9.4400,8490203
2019-08-22,9.6500,9.7100,9.3900,9.5400,7288567
2019-08-21,9.8500,9.9400,9.3200,9.6500,5604218
2019-08-20,10.0200,10.1300,9.9300,9.9700,5153430
2019-08-19,9.9900,10.2800,9.9800,10.1100,4407214
2019-08-16,9.8000,9.9500,9.7100,9.9200,4034392
2019-08-15,9.8700,9.9000,9.6900,9.7000,3684899
2019-08-14,10.3100,10.3100,9.9200,9.9500,5040521
2019-08-13,10.2000,10.5200,10.1500,10.4300,3282534
2019-08-12,10.3400,10.4100,10.2200,10.2700,2505115
2019-08-09,10.6100,10.6500,10.3800,10.4700,3043162
2019-08-08,10.4100,10.6500,10.4100,10.6100,5529700
2019-08-07,10.1600,10.4600,10.1300,10.4300,5080965
2019-08-06,10.3000,10.3500,10.1100,10.2400,4701463
2019-08-05,10.5200,10.6100,10.2800,10.3000,5603145
2019-08-02,10.5800,10.7200,10.5200,10.5400,3722701
2019-08-01,10.6100,10.7400,10.4800,10.5100,3703248
2019-07-31,10.6500,10.9500,10.5800,10.6000,6685894
2019-07-30,10.7900,10.8200,10.5200,10.6100,3826461
2019-07-29,10.9600,10.9600,10.7700,10.8700,1736629
2019-07-26,10.9300,11.1300,10.8300,10.9600,3171773
2019-07-25,10.7600,11.1000,10.7600,10.9800,5477810
2019-07-24,10.8400,10.9000,10.6700,10.7900,3836784
2019-07-23,10.8000,10.8800,10.7600,10.8600,2969530
2019-07-22,11.0700,11.0700,10.6600,10.7400,8515464
2019-07-19,11.3300,11.4100,11.2400,11.2700,3358112
2019-07-18,11.1700,11.3700,10.8800,11.2800,8345719
2019-07-17,10.9300,11.2300,10.8900,11.1800,8203866
2019-07-16,11.0900,11.0900,10.8200,10.9000,5764858
2019-07-15,11.0000,11.0800,10.9000,11.0800,3025163
2019-07-12,11.1000,11.1600,10.9900,11.1500,5162567
2019-07-11,10.9400,11.0800,10.8700,11.0800,4404543
2019-07-10,11.0300,11.1100,10.9400,10.9600,3642419
2019-07-09,11.2800,11.2800,10.9400,11.0200,6699071
2019-07-08,11.4800,11.5100,11.3500,11.4400,3031014
2019-07-05,11.5800,11.6500,11.5500,11.6100,3565063
2019-07-03,11.7600,11.7700,11.6500,11.6800,3013458
2019-07-02,11.4700,11.6000,11.4500,11.5800,6608736
2019-07-01,11.3800,11.4300,11.3000,11.4300,7831894
2019-06-28,11.4100,11.5000,11.3700,11.4900,7604545
2019-06-27,11.5700,11.6000,11.4700,11.4900,5419324
2019-06-26,11.4000,11.5400,11.3300,11.5100,9356126
2019-06-25,11.2200,11.5000,11.1500,11.4600,12368227
2019-06-24,11.0500,11.1900,10.7900,11.1400,23175767
2019-06-21,10.9300,11.0600,10.8500,11.0200,15210912
2019-06-20,10.7200,10.9450,10.7100,10.8700,7407696
2019-06-19,10.7500,10.7700,10.4600,10.5900,7823884
2019-06-18,10.7300,10.8000,10.6600,10.8000,6940340
2019-06-17,10.7700,10.8300,10.6100,10.6500,11991150
2019-06-14,11.0000,11.0400,10.8500,10.9300,12995016
2019-06-13,11.1900,11.1900,10.7900,10.9800,15375399
2019-06-12,11.2100,11.3500,11.1100,11.2200,16955751
2019-06-11,11.1100,11.3500,11.0600,11.1800,268169400
